/*
SQLyog Ultimate v10.42 
MySQL - 5.5.15 : Database - eqcomputer
*********************************************************************
*/

/*!40101 SET NAMES utf8 */;

/*!40101 SET SQL_MODE=''*/;

/*!40014 SET @OLD_UNIQUE_CHECKS=@@UNIQUE_CHECKS, UNIQUE_CHECKS=0 */;
/*!40014 SET @OLD_FOREIGN_KEY_CHECKS=@@FOREIGN_KEY_CHECKS, FOREIGN_KEY_CHECKS=0 */;
/*!40101 SET @OLD_SQL_MODE=@@SQL_MODE, SQL_MODE='NO_AUTO_VALUE_ON_ZERO' */;
/*!40111 SET @OLD_SQL_NOTES=@@SQL_NOTES, SQL_NOTES=0 */;
CREATE DATABASE /*!32312 IF NOT EXISTS*/`eqcomputer` /*!40100 DEFAULT CHARACTER SET latin1 */;

USE `eqcomputer`;

/*Table structure for table `app_group` */

DROP TABLE IF EXISTS `app_group`;

CREATE TABLE `app_group` (
  `GROUP_ID` bigint(20) NOT NULL,
  `GROUP_NAME` varchar(30) DEFAULT NULL,
  `DESCRIPTION` text,
  PRIMARY KEY (`GROUP_ID`)
) ENGINE=InnoDB DEFAULT CHARSET=utf8;

/*Data for the table `app_group` */

insert  into `app_group`(`GROUP_ID`,`GROUP_NAME`,`DESCRIPTION`) values (504404604166397359,'Admin','Admin'),(504404615225112675,'Management','Management'),(504404615225199773,'Karyawan','Karyawan');

/*Table structure for table `app_privilege` */

DROP TABLE IF EXISTS `app_privilege`;

CREATE TABLE `app_privilege` (
  `PRIV_ID` bigint(20) NOT NULL,
  `PRIV_NAME` varchar(100) DEFAULT NULL,
  `DESCRIPTION` text,
  PRIMARY KEY (`PRIV_ID`)
) ENGINE=InnoDB DEFAULT CHARSET=utf8;

/*Data for the table `app_privilege` */

insert  into `app_privilege`(`PRIV_ID`,`PRIV_NAME`,`DESCRIPTION`) values (1,'User Management','User Management'),(2,'Maintenance Master Data','Maintenance Master Data'),(3,'Pembuatan Jadwal','Membuat Jadwal Dengan Algoritma Genetika'),(4,'Lihat Master Data','Lihat Master Data'),(5,'Lihat Jadwal','Lihat Jadwal');

/*Table structure for table `app_user` */

DROP TABLE IF EXISTS `app_user`;

CREATE TABLE `app_user` (
  `USER_ID` bigint(20) NOT NULL,
  `LOGIN_ID` varchar(30) DEFAULT NULL,
  `PASSWORD` varchar(30) DEFAULT NULL,
  `FULL_NAME` varchar(50) DEFAULT NULL,
  `EMAIL` varchar(50) DEFAULT NULL,
  `USER_STATUS` int(1) DEFAULT '0',
  PRIMARY KEY (`USER_ID`)
) ENGINE=InnoDB DEFAULT CHARSET=latin1;

/*Data for the table `app_user` */

insert  into `app_user`(`USER_ID`,`LOGIN_ID`,`PASSWORD`,`FULL_NAME`,`EMAIL`,`USER_STATUS`) values (504404604167511665,'admin','admin','Administrator','admin@admin.com',1),(504404615225007512,'maryono','maryono','Maryono','maryono@yahoo.com',1),(504404615225228269,'jaka','jaka','Jaka','jaka@yahoo.com',1),(504404615225264352,'joni','joni','Joni','joni@yahoo.com',0),(504404615225294386,'hadi','hadi','Hadi','hadi@yahoo.com',1),(504404619377934027,'test','test','test','test@test.com',0),(504404619378270041,'testing','test','test','test@test.com',1);

/*Table structure for table `group_priv` */

DROP TABLE IF EXISTS `group_priv`;

CREATE TABLE `group_priv` (
  `GROUP_ID` bigint(20) NOT NULL,
  `PRIV_ID` bigint(20) NOT NULL,
  KEY `GROUP_ID` (`GROUP_ID`),
  KEY `PRIV_ID` (`PRIV_ID`),
  CONSTRAINT `group_priv_ibfk_1` FOREIGN KEY (`GROUP_ID`) REFERENCES `app_group` (`GROUP_ID`),
  CONSTRAINT `group_priv_ibfk_2` FOREIGN KEY (`PRIV_ID`) REFERENCES `app_privilege` (`PRIV_ID`)
) ENGINE=InnoDB DEFAULT CHARSET=utf8;

/*Data for the table `group_priv` */

insert  into `group_priv`(`GROUP_ID`,`PRIV_ID`) values (504404615225199773,5),(504404615225112675,2),(504404615225112675,3),(504404615225112675,5),(504404604166397359,1),(504404604166397359,2),(504404604166397359,3),(504404604166397359,5);

/*Table structure for table `jadwal` */

DROP TABLE IF EXISTS `jadwal`;

CREATE TABLE `jadwal` (
  `ID_JADWAL` bigint(20) NOT NULL,
  `NAMA_JADWAL` varchar(100) DEFAULT NULL,
  `STATUS` int(1) DEFAULT '0',
  `NILAI_FITNESS` float DEFAULT '0',
  PRIMARY KEY (`ID_JADWAL`)
) ENGINE=InnoDB DEFAULT CHARSET=latin1;

/*Data for the table `jadwal` */

insert  into `jadwal`(`ID_JADWAL`,`NAMA_JADWAL`,`STATUS`,`NILAI_FITNESS`) values (504404619291471823,'Jadwal 1',0,0),(504404619291479451,'Jadwal 2',0,0),(504404619291486577,'Jadwal 3',0,0),(504404619375670280,'Jadwal Confirm',1,0.3);

/*Table structure for table `jadwal_detail` */

DROP TABLE IF EXISTS `jadwal_detail`;

CREATE TABLE `jadwal_detail` (
  `ID_DETAIL_JADWAL` bigint(20) NOT NULL,
  `ID_JADWAL` bigint(20) NOT NULL,
  `ID_PROYEK` bigint(20) NOT NULL,
  `NIK` bigint(20) NOT NULL,
  `JAM_MULAI` datetime DEFAULT NULL,
  `JAM_SELESAI` datetime DEFAULT NULL,
  PRIMARY KEY (`ID_DETAIL_JADWAL`),
  KEY `ID_JADWAL` (`ID_JADWAL`),
  KEY `ID_PROYEK` (`ID_PROYEK`),
  KEY `NIK` (`NIK`),
  CONSTRAINT `jadwal_detail_ibfk_1` FOREIGN KEY (`ID_JADWAL`) REFERENCES `jadwal` (`ID_JADWAL`),
  CONSTRAINT `jadwal_detail_ibfk_2` FOREIGN KEY (`ID_PROYEK`) REFERENCES `proyek` (`ID_PROYEK`),
  CONSTRAINT `jadwal_detail_ibfk_3` FOREIGN KEY (`NIK`) REFERENCES `karyawan` (`NIK`)
) ENGINE=InnoDB DEFAULT CHARSET=latin1;

/*Data for the table `jadwal_detail` */

insert  into `jadwal_detail`(`ID_DETAIL_JADWAL`,`ID_JADWAL`,`ID_PROYEK`,`NIK`,`JAM_MULAI`,`JAM_SELESAI`) values (504404619291497610,504404619291471823,504404617128338998,504404617547614263,'2016-04-01 17:00:00','2016-04-01 17:00:00'),(504404619291509327,504404619291479451,504404617636006567,504404617547632275,'2016-04-05 17:00:00','2016-04-05 17:00:00'),(504404619291517144,504404619291471823,504404617813390357,504404617547614263,'2016-04-01 17:00:00','2016-04-01 17:00:00'),(504404619291527064,504404619291471823,504404617813423414,504404617813542610,'2016-04-01 17:00:00','2016-04-01 17:00:00'),(504404619291536477,504404619291471823,504404617813464272,504404617547614263,'2016-04-01 17:00:00','2016-04-01 17:00:00'),(504404619291549228,504404619291479451,504404617128338998,504404617813583952,'2016-04-01 17:00:00','2016-04-01 17:00:00'),(504404619291564076,504404619291479451,504404617636006567,504404617547614263,'2016-04-01 17:00:00','2016-04-01 17:00:00'),(504404619291586648,504404619291479451,504404617813390357,504404617813542610,'2016-04-01 17:00:00','2016-04-01 17:00:00'),(504404619291603509,504404619291479451,504404617813423414,504404617813560002,'2016-04-01 17:00:00','2016-04-01 17:00:00'),(504404619291615263,504404619291471823,504404617813464272,504404617547632275,'2016-04-01 17:35:00','2016-04-01 17:35:00'),(504404619291649376,504404619291486577,504404617128338998,504404617547632275,'2016-04-01 17:35:00','2016-04-01 17:35:00'),(504404619291666581,504404619291486577,504404617636006567,504404617547632275,'2016-04-01 17:35:00','2016-04-01 17:35:00'),(504404619291682758,504404619291486577,504404617813390357,504404617547614263,'2016-04-05 17:00:00','2016-04-05 17:00:00'),(504404619291695000,504404619291486577,504404617813423414,504404617547614263,'2016-04-05 17:00:00','2016-04-05 17:00:00'),(504404619291721738,504404619291486577,504404617813464272,504404617813583952,'2016-04-01 17:00:00','2016-04-01 17:00:00'),(504404619375670468,504404619375670280,504404617128338998,504404617547632275,'2016-02-03 16:40:00','2016-02-03 18:40:00'),(504404619375670570,504404619375670280,504404617636006567,504404617813583952,'2016-03-03 13:00:00','2016-03-04 13:00:00'),(504404619375670650,504404619375670280,504404617813390357,504404617547614263,'2016-04-01 14:00:00','2016-04-07 14:00:00'),(504404619375670691,504404619375670280,504404617813423414,504404617813542610,'2016-04-01 14:00:00','2016-04-01 19:00:00'),(504404619375670725,504404619375670280,504404617813464272,504404617813560002,'2016-04-01 07:00:00','2016-04-01 19:00:00');

/*Table structure for table `karyawan` */

DROP TABLE IF EXISTS `karyawan`;

CREATE TABLE `karyawan` (
  `NIK` bigint(20) NOT NULL,
  `NAMA_KARYAWAN` varchar(100) DEFAULT NULL,
  `TTL` datetime DEFAULT NULL,
  `JABATAN` varchar(30) DEFAULT NULL,
  `ALAMAT` varchar(100) DEFAULT NULL,
  PRIMARY KEY (`NIK`)
) ENGINE=InnoDB DEFAULT CHARSET=latin1;

/*Data for the table `karyawan` */

insert  into `karyawan`(`NIK`,`NAMA_KARYAWAN`,`TTL`,`JABATAN`,`ALAMAT`) values (504404617547614263,'Maryono','2016-03-29 00:00:00','Admin','Denpasar'),(504404617547632275,'Agus','2016-03-29 00:00:00','Teknisi','Denpasar'),(504404617813542610,'Putu','2016-04-01 00:00:00','Teknisi','Denpasar'),(504404617813560002,'Made','2016-04-01 00:00:00','Teknisi','Denpasar'),(504404617813583952,'Eko','2016-04-01 00:00:00','Teknisi','Denpasar');

/*Table structure for table `keahlian` */

DROP TABLE IF EXISTS `keahlian`;

CREATE TABLE `keahlian` (
  `KODE_KEAHLIAN` bigint(20) NOT NULL,
  `NAMA_KEAHLIAN` varchar(50) DEFAULT NULL,
  PRIMARY KEY (`KODE_KEAHLIAN`)
) ENGINE=InnoDB DEFAULT CHARSET=latin1;

/*Data for the table `keahlian` */

insert  into `keahlian`(`KODE_KEAHLIAN`,`NAMA_KEAHLIAN`) values (504404617546586367,'Komputer Jaringan'),(504404617546630643,'Komputer Software'),(504404617546640526,'Komputer Hardware');

/*Table structure for table `keahlian_karyawan` */

DROP TABLE IF EXISTS `keahlian_karyawan`;

CREATE TABLE `keahlian_karyawan` (
  `KODE_KEAHLIAN` bigint(20) NOT NULL,
  `NIK` bigint(20) NOT NULL,
  KEY `NIK` (`NIK`),
  KEY `KODE_KEAHLIAN` (`KODE_KEAHLIAN`),
  CONSTRAINT `keahlian_karyawan_ibfk_1` FOREIGN KEY (`NIK`) REFERENCES `karyawan` (`NIK`),
  CONSTRAINT `keahlian_karyawan_ibfk_2` FOREIGN KEY (`KODE_KEAHLIAN`) REFERENCES `keahlian` (`KODE_KEAHLIAN`)
) ENGINE=InnoDB DEFAULT CHARSET=latin1;

/*Data for the table `keahlian_karyawan` */

insert  into `keahlian_karyawan`(`KODE_KEAHLIAN`,`NIK`) values (504404617546586367,504404617547614263),(504404617546640526,504404617547632275),(504404617546630643,504404617813542610),(504404617546586367,504404617813560002),(504404617546640526,504404617813583952);

/*Table structure for table `proyek` */

DROP TABLE IF EXISTS `proyek`;

CREATE TABLE `proyek` (
  `ID_PROYEK` bigint(20) NOT NULL,
  `NAMA_PROYEK` varchar(100) DEFAULT NULL,
  `WAKTU_MULAI` datetime DEFAULT NULL,
  `WAKTU_SELESAI` datetime DEFAULT NULL,
  `TOTAL` float DEFAULT NULL,
  PRIMARY KEY (`ID_PROYEK`)
) ENGINE=InnoDB DEFAULT CHARSET=latin1;

/*Data for the table `proyek` */

insert  into `proyek`(`ID_PROYEK`,`NAMA_PROYEK`,`WAKTU_MULAI`,`WAKTU_SELESAI`,`TOTAL`) values (504404617128338998,'Maintenance Komputer PT. Asaparis','2016-02-03 16:40:00','2016-02-03 18:40:00',2),(504404617636006567,'Maintenance Jaringan PT. Duta Karya','2016-03-03 13:00:00','2016-03-04 13:00:00',24),(504404617813390357,'Pemasangan Jaringan RS. Kasih Ibu','2016-04-01 14:00:00','2016-04-07 14:00:00',144),(504404617813423414,'Instalasi Software Surya Mandiri','2016-04-01 14:00:00','2016-04-01 19:00:00',5),(504404617813464272,'Maintenance Jaringan Hotel Aneka','2016-04-01 07:00:00','2016-04-01 19:00:00',12);

/*Table structure for table `user_group` */

DROP TABLE IF EXISTS `user_group`;

CREATE TABLE `user_group` (
  `USER_ID` bigint(20) NOT NULL DEFAULT '0',
  `GROUP_ID` bigint(20) NOT NULL DEFAULT '0',
  KEY `FK_app_user` (`USER_ID`),
  KEY `FK_app_group` (`GROUP_ID`),
  CONSTRAINT `FK_app_group` FOREIGN KEY (`GROUP_ID`) REFERENCES `app_group` (`GROUP_ID`),
  CONSTRAINT `FK_app_user` FOREIGN KEY (`USER_ID`) REFERENCES `app_user` (`USER_ID`)
) ENGINE=InnoDB DEFAULT CHARSET=utf8;

/*Data for the table `user_group` */

insert  into `user_group`(`USER_ID`,`GROUP_ID`) values (504404604167511665,504404604166397359),(504404615225007512,504404604166397359),(504404615225228269,504404615225199773),(504404615225264352,504404615225199773),(504404615225294386,504404615225112675);

/*!40101 SET SQL_MODE=@OLD_SQL_MODE */;
/*!40014 SET FOREIGN_KEY_CHECKS=@OLD_FOREIGN_KEY_CHECKS */;
/*!40014 SET UNIQUE_CHECKS=@OLD_UNIQUE_CHECKS */;
/*!40111 SET SQL_NOTES=@OLD_SQL_NOTES */;
